{
  "benchmark_name": "AI operational ranker vs CVSS baseline",
  "source": "model_output_EPSS_operational_ranker/model_meta.json",
  "evaluation_split": "held-out test set",
  "label_definition": "EPSS-positive operational label used during ranker evaluation",
  "model": {
    "name": "EPSS operational ranker",
    "version": "epss-operational-ranker-v1",
    "primary_dashboard_field": "operational_rank_score / Rank /100",
    "threshold": 0.911769449710846,
    "purpose": "dashboard queue ordering and operational vulnerability prioritization"
  },
  "test_metrics": {
    "threshold": 0.911769449710846,
    "accuracy": 0.922608695652174,
    "precision": 0.35714285714285715,
    "recall": 0.058823529411764705,
    "f1": 0.10101010101010101,
    "aucpr": 0.2802317633170258,
    "roc_auc": 0.8243413421706711,
    "tn": 1056,
    "fp": 9,
    "fn": 80,
    "tp": 5
  },
  "ranking_comparison_test": {
    "ai_aucpr": 0.2802317633170258,
    "ai_roc_auc": 0.8243413421706711,
    "ai_ndcg": 0.7533252020275196,
    "ai_needed_for_80pct": 431,
    "ai_precision_at_10": 0.4,
    "ai_recall_at_10": 0.047058823529411764,
    "ai_hits_at_10": 4,
    "ai_precision_at_20": 0.3,
    "ai_recall_at_20": 0.07058823529411765,
    "ai_hits_at_20": 6,
    "ai_precision_at_50": 0.32,
    "ai_recall_at_50": 0.18823529411764706,
    "ai_hits_at_50": 16,
    "ai_precision_at_100": 0.34,
    "ai_recall_at_100": 0.4,
    "ai_hits_at_100": 34,
    "cvss_aucpr": 0.11759042690656524,
    "cvss_roc_auc": 0.6176801988400995,
    "cvss_ndcg": 0.6063942910784462,
    "cvss_needed_for_80pct": 733,
    "cvss_precision_at_10": 0.1,
    "cvss_recall_at_10": 0.011764705882352941,
    "cvss_hits_at_10": 1,
    "cvss_precision_at_20": 0.15,
    "cvss_recall_at_20": 0.03529411764705882,
    "cvss_hits_at_20": 3,
    "cvss_precision_at_50": 0.16,
    "cvss_recall_at_50": 0.09411764705882353,
    "cvss_hits_at_50": 8,
    "cvss_precision_at_100": 0.16,
    "cvss_recall_at_100": 0.18823529411764706,
    "cvss_hits_at_100": 16,
    "coverage_80pct_change_vs_cvss_pct": -41.20054570259209
  },
  "interpretation": {
    "workload_reduction_for_80pct_coverage_pct": 41.20054570259209,
    "summary": "On the held-out test set, the AI operational ranker needed 431 reviewed findings to cover 80% of EPSS-positive cases, compared with 733 findings for CVSS-only ordering.",
    "important_limitation": "This benchmark evaluates the operational ranker, not the clean leakage-safe model. The operational ranker is a practical queue-sorting model and should not be described as fully leakage-safe."
  }
}